method,cv_auprc,cv_std,test_auprc,test_roc,brier,prec@0.5,rec@0.5,f1@0.5,recall_at_p80,fit_s,d_cv_auprc,d_prec
None (champion),0.6361719252218073,0.010884576788184983,0.6237147934669776,0.7841503118503118,0.14711517334923455,0.6982055464926591,0.3292307692307692,0.4474647151071615,0.25384615384615383,23.5,0.0,0.0
Cost-sensitive (CW),0.6346032427610654,0.010984808698750249,0.621565512345242,0.7831209979209979,0.18084256853039424,0.4906409529211571,0.6653846153846154,0.5648057460006529,0.24307692307692308,23.1,-0.0015686824607419325,-0.20756459357150198
RandomUnderSample,0.6318599862429611,0.010214667589572204,0.6193703081992,0.7817546777546778,0.1841635353606344,0.4789961811238407,0.6753846153846154,0.5604851579955314,0.25846153846153846,14.6,-0.004311938978846186,-0.2192093653688184
SMOTE,0.6251497259926111,0.007958764295619206,0.6111633050165529,0.7758116424116424,0.15200434756879777,0.6228172293364377,0.4115384615384615,0.49559981472904124,0.2353846153846154,45.0,-0.011022199229196228,-0.07538831715622141
SMOTE+Tomek,0.6249728843633955,0.009661480163628122,0.6093558507783906,0.7745160083160083,0.15217336025806066,0.6351515151515151,0.40307692307692305,0.49317647058823527,0.23846153846153847,43.5,-0.011199040858411835,-0.06305403134114396
BorderlineSMOTE,0.6244354455825262,0.010171444217136949,0.6088684948015219,0.7746484407484406,0.15261118429017131,0.6165501165501166,0.40692307692307694,0.4902687673772011,0.23846153846153847,39.5,-0.01173647963928115,-0.08165542994254249
ADASYN,0.6232772378372611,0.010277669723483363,0.6078934392116454,0.7737199584199586,0.15300478538450893,0.6184510250569476,0.4176923076923077,0.4986225895316804,0.22615384615384615,35.3,-0.012894687384546244,-0.07975452143571149
