k_steps,n_feat,auprc,roc_auc,recall_at_p80,pct_of_full
2,21,0.4665970916318589,0.682910395010395,0.04153846153846154,75.55618864374539
3,21,0.4820188597174,0.6944197505197506,0.06615384615384616,78.05343956876952
4,21,0.4983339236443537,0.7031490644490644,0.07230769230769231,80.69534212218765
5,21,0.5112952268786184,0.7183805613305614,0.07692307692307693,82.79416933264432
7,21,0.5445474002847649,0.7403464656964656,0.12,88.17870243786052
10,21,0.5753531925345888,0.7607879417879417,0.18769230769230769,93.16709240490334
