rank,model,paradigm,auprc,roc_auc,f1,precision,recall,accuracy,recall_at_p80,threshold_at_p80,n,fit_s,d_auprc_vs_floor
1,HistGBM,boosting,0.6175497997019259,0.7817858627858628,0.44549266247379454,0.6990131578947368,0.3269230769230769,0.7884,0.25461538461538463,0.5965664369575049,5000,127.85,0.018849799701925907
2,CatBoost,boosting,0.6077047563326013,0.7746249480249481,0.4564102564102564,0.6846153846153846,0.3423076923076923,0.788,0.23461538461538461,0.6574368022799072,5000,5.59,0.009004756332601338
3,ExtraTrees,bagging,0.6054297382998243,0.768633264033264,0.5165165165165165,0.5838991270611057,0.46307692307692305,0.7746,0.23615384615384616,0.7095913394487984,5000,2.98,0.006729738299824262
4,XGBoost,boosting,0.6036337090364953,0.7710752598752599,0.4517766497461929,0.664179104477612,0.3423076923076923,0.784,0.25384615384615383,0.6509535312652588,5000,50.54,0.00493370903649526
5,RandomForest,bagging,0.602738042486304,0.7688230769230769,0.4730656219392752,0.6509433962264151,0.37153846153846154,0.7848,0.22153846153846155,0.649685770338402,5000,5.16,0.0040380424863040165
6,LogReg (balanced),linear,0.5986965080264776,0.7725311850311851,0.5478855721393034,0.45981210855949894,0.6776923076923077,0.7092,0.19692307692307692,0.8453212956054976,5000,0.03,-3.4919735224514525e-06
7,LightGBM,boosting,0.5964266698126185,0.7653632016632016,0.45391476709613476,0.637883008356546,0.3523076923076923,0.7796,0.23846153846153847,0.6891288768325942,5000,174.67,-0.002273330187381517
