calibration,auprc,roc_auc,brier,recall_at_p80
raw,0.6237147934669776,0.7841503118503118,0.14711517334923455,0.25384615384615383
sigmoid,0.6240625894923777,0.7840193347193349,0.1484360448526517,0.24923076923076923
isotonic,0.6230778478117288,0.7838144490644491,0.14719194521761508,0.24384615384615385
