k_steps,auprc,pct_of_full,precision_ceiling,brier,recall_at_p60,recall_at_p70,recall_at_p80
3,0.4840810080406356,78.38736378414956,1.0,0.17106520464884875,0.26461538461538464,0.11538461538461539,0.06461538461538462
5,0.5092704882575363,82.46630288008303,1.0,0.16655304043325694,0.29,0.13153846153846155,0.07153846153846154
10,0.5733287655137718,92.83927640985416,1.0,0.15562747621440182,0.40384615384615385,0.2630769230769231,0.16538461538461538
