model,auprc,roc_auc,brier,recall_at_p80,fit_s,delta_vs_default
CatBoost tuned,0.6237147934669776,0.7841503118503118,0.14711517334923455,0.25384615384615383,3.8,0.002873647890208275
CatBoost default,0.6208411455767693,0.7807135135135135,0.14808219357605173,0.24923076923076923,8.1,0.0
HistGBM tuned,0.6198365045256399,0.7836989604989605,0.14752989052782822,0.24076923076923076,2.2,0.00294877609119204
HistGBM default,0.6168877284344478,0.7802272349272349,0.148285398338979,0.2453846153846154,0.7,0.0
