reason,n,recall_deploy,recall_thr05,pct_of_failures
stuck_retry_loop,629,0.1494435612082671,0.26232114467408585,48.38461538461539
early_exogenous,324,0.13271604938271606,0.19444444444444445,24.923076923076923
cascade_failure,164,0.40853658536585363,0.524390243902439,12.615384615384615
context_overflow,147,0.9727891156462585,0.9863945578231292,11.307692307692307
degenerate_loop,21,0.0,0.047619047619047616,1.6153846153846154
latent_capability,15,0.0,0.0,1.153846153846154
