dropped,n_kept,test_auprc,d_auprc,recall_at_p80
Error/Retry/Loop (18),31,0.6015567104469071,-0.022158083020070496,0.2246153846153846
Meta/Run-shape (9),40,0.6061951206581241,-0.01751967280885347,0.22692307692307692
Context (9),40,0.6202753316072178,-0.0034394618597597404,0.2376923076923077
"ALL engineered (LEAD+DOM, 23)",26,0.6217804193587496,-0.001934374108227943,0.25
(none) full 49f,49,0.6237147934669776,0.0,0.25384615384615383
Tool/Depth (5),44,0.6243695341202732,0.0006547406532956268,0.2569230769230769
Tokens/Latency (8),41,0.6255531033571589,0.0018383098901813,0.24923076923076923
